{"cameraMode":{"drawMode":0,"name":"Shaded","section":"Shading Mode"},"sceneLighting":true,"audioPlay":false,"sceneViewState":{"showFog":true,"showMaterialUpdate":false,"showSkybox":true,"showFlares":true,"showImageEffects":true,"showParticleSystems":true},"in2DMode":false,"pivot":{"x":5.8984527587890629,"y":-14.648904800415039,"z":54.70037078857422},"rotation":{"x":-0.18189525604248048,"y":0.34199079871177676,"z":-0.06765658408403397,"w":-0.9194450974464417},"size":40.199642181396487,"orthographic":false}